[{
    "_id":"1",
    "email":"holland32@gmail.com",
    "skype":"holland8",
    "username":"Araceli Holland",
	"serial": "PC-02298",	
    "name": "SAMSUNG",   
	"type": "RAM",	
	"id": 11,
    "from": "15 April 2016"   
},
{
    "_id":"2",
    "email":"holland32@gmail.com",
    "skype":"holland8",
    "username":"Araceli Holland",
	"serial": "R-298",	
	"name": "SAMSUNG",
	"type": "RAM",
	"status": "Allotted",
	"id": 12,
	"from": "15 April 2016"
},
{
    "_id":"2443",
    "email":"holland32@gmail.com",
    "skype":"holland8",
    "username":"Araceli Holland",
	"serial": "Mouse-32982",	
	"name": "SAMSUNG",
	"type": "Mouse",
	"status": "Allotted",
	"id": 13,
	"from": "15 April 2019"
},
{
    "_id":"334",
    "email":"kerr29@gmail.com",
    "skype":"baileykerr",
    "username":"Bailey Kerr",
	"serial": "PC-9887",	
	"name": "SAMSUNG",
	"type": "RAM",
	"status": "Allotted",
	"id": 14,
	"from": "25 April 2017"
},
{
    "_id":"BS4",
    "email":"kerr29@gmail.com",
    "skype":"baileykerr",
    "username":"Bailey Kerr",
	"serial": "PC-022568",
	"assignedto": "",
	"name": "SAMSUNG",
	"type": "RAM",
	"status": "Allotted",
	"id": 15,
	"from": "15 April 2016"
},
{
    "_id":"ssaqq23",
    "email":"baileyspears@gmail.com",
    "skype":"bailey11",
    "username":"Bailey Spears",
	"serial": "AL-8983",	
	"name": "SAMSUNG",
	"type": "RAM",
	"status": "Allotted",
	"id": 16,
	"from": "15 April 2016"
},
{
    "_id":"fdq23",
    "email":"strong13@gmail.com",
    "skype":"bailey7",
    "username":"Bailey Strong",
	"serial": "Mouse-6912382",
	"assignedto": "Araceli Holland",
	"name": "SAMSUNG",
	"type": "RAM",
	"status": "Allotted",
	"id": 17,
	"from": "25 April 2017"
},
{
    "_id":"fdq2123",
    "email":"holland36@gmail.com",
    "skype":"bholland7",
    "username":"Bailey Holland",    
	"serial": "PC-988709",	
	"name": "SAMSUNG",
	"type": "RAM",
	"status": "Allotted",
	"id": 18,
	"from": "2 April 2017"
},
{
    "_id":"fdewq2123",
    "email":"holland9@gmail.com",
    "skype":"braydonholland",
    "username":"Braydon Holland",
	"serial": "PC-94887",	
	"name": "SAMSUNG",
	"type": "RAM",
	"status": "Allotted",
	"id": 19,
	"from": "08 April 2015"
},
{   "_id":"fdaqewq2123",
    "email":"braydon129@gmail.com",
    "skype":"braydon8",
    "username":"Braydon Wyatt",
	"serial": "PC-12568",	
	"name": "SAMSUNG",
	"type": "RAM",
	"status": "Allotted",
	"id": 20,
	"from": "15 April 2016"
}
]