[{
    "_id": "602a3a82b0bc995a0002c4d6",
    "id": 22,
    "serial": "RAM-5E6",
    "skype": "carinavillarreal",
    "username": "Carina Villarreal",
    "from": "17 February 2021",
    "email": "villarreal27@gmail.com",
    "type": "RAM",
    "name": "SAMSUNG"
  },
  {
    "_id": "60267eb5b0bc995a0001c2c7",
    "id": 12,
    "serial": "PC-00024",
    "skype": "bailey7",
    "username": "Bailey Strong",
    "from": " 16 April 2019",
    "email": "strong13@gmail.com",
    "type": " Computer",
    "name": "Dell X2"
  },
  {
    "_id": "60274aacb0bc995a0001d852",
    "id": 13,
    "serial": "PC-0544-01-01T",
    "skype": "bailey7",
    "username": "Bailey Strong",
    "from": " 16 April 2019",
    "email": "strong13@gmail.com",
    "type": " Computer",
    "name": "Dell X9"
  },
  {
    "_id": "60267df6b0bc995a0001c2ae",
    "id": 10,
    "serial": "PC-00003",
    "skype": "baileykerr",
    "username": "Bailey Kerr",
    "from": "19 March 2020",
    "type": "Computer",
    "name": "Dell X2",
    "email": "kerr29@gmail.com"
  },
  {
    "_id": "60267e61b0bc995a0001c2bd",
    "id": 11,
    "serial": "PC-00018",
    "skype": "baileykerr",
    "username": "Bailey Kerr",
    "from": "21 March 2020",
    "email": "kerr29@gmail.com",
    "name": "Dell X2",
    "type": "PC"
  },
  {
    "_id": "60274aacb0bc995a0001d856",
    "id": 7,
    "serial": "PC-80544-01-01T",
    "skype": "braydonholland",
    "username": "Braydon Holland",
    "from": "6 April 2019",
    "email": "holland9@gmail.com",
    "type": "PC",
    "name": "DELL"
  },
  {
    "_id": "60274aacb0bc995a0001d855",
    "id": 16,
    "serial": "PC-0805",
    "skype": "braydonholland",
    "username": "Braydon Holland",
    "from": " 6 April 2019",
    "email": "holland9@gmail.com",
    "type": "PC",
    "name": "DELL"
  },
  {
    "_id": "60267a37b0bc995a0001c21f",
    "id": 8,
    "serial": "MON-00022",
    "skype": "holland8",
    "username": "Araceli Holland",
    "from": "07 March 2017",
    "email": "holland32@gmail.com",
    "type": " Monitors",
    "name": "Acer"
  },
  {
    "_id": "60267a37b0bc995a0001c220",
    "id": 4,
    "serial": "MON-00032",
    "skype": "holland8",
    "username": "Araceli Holland",
    "from": "07 March 2017",
    "email": "holland32@gmail.com",
    "type": " Monitors",
    "name": "SAMSUNG"
  },
  {
    "_id": "60267a37b0bc995a0001c221",
    "id": 5,
    "serial": "MON-00082",
    "skype": "holland8",
    "username": "Araceli Holland",
    "from": "09 March 2017",
    "email": "holland32@gmail.com",
    "type": " Monitors",
    "name": "DELL"
  },
  {
    "_id": "602676efb0bc995a0001bfcb",
    "id": 2,
    "serial": "PC-00015",
    "skype": "holland8",
    "username": "Araceli Holland",
    "from": "03 January 2020",
    "email": "holland32@gmail.com",
    "type": "Computer",
    "name": "Dell X2"
  },
  {
    "_id": "6026773eb0bc995a0001bfd5",
    "id": 3,
    "serial": "MON-00018",
    "skype": "holland8",
    "username": "Araceli Holland",
    "from": "25 May 2016",
    "email": "holland32@gmail.com",
    "type": "Monitors",
    "name": "Philips E21"
  },
  {
    "_id": "602a3a82b0bc995a0002c4d8",
    "id": 24,
    "serial": "MON-00014",
    "skype": "glenn8",
    "username": "Jacey Glenn",
    "from": "11 February 2020",
    "email": "glen76@gmail.com",
    "type": "Monitors",
    "name": "Philips E21s"
  },
  {
    "_id": "602a3a82b0bc995a0002c4d7",
    "id": 23,
    "serial": "Keyboard-5E6",
    "skype": "donnasolomon",
    "username": "Donna Solomon",
    "from": "2 February 2021",
    "email": "donna59@gmail.com",
    "type": "Keyboard",
    "name": "iBall"
  },
  {
    "_id": "602a3a82b0bc995a0002c4d9",
    "id": 25,
    "serial": "MON-00014",
    "skype": "chambers6",
    "username": "Kenny Chambers",
    "from": "11 June 2020",
    "email": "chambers19@gmail.com",
    "type": "Computer",
    "name": "DELL X2s"
  },
  {
    "_id": "602a3a82b0bc995a0002c4d5",
    "id": 21,
    "serial": "Laptop-56",
    "skype": "carina5",
    "username": "Carina Munoz",
    "from": "10 February 2021",
    "email": "carinamunoz@gmail.com",
    "type": "Laptop",
    "name": "Acer"
  },
  {
    "_id": "602a3a82b0bc995a0002c4d3",
    "id": 19,
    "serial": "F-P5456",
    "skype": "dorsey9",
    "username": "Carina Dorsey",
    "from": "4 January 2020",
    "email": "carinadorsey@gmail.com",
    "type": "Monitor",
    "name": "Acer"
  },
  {
    "_id": "602a3a82b0bc995a0002c4d4",
    "id": 20,
    "serial": "F-S556",
    "skype": "dorsey9",
    "username": "Carina Dorsey",
    "from": "5 January 2021",
    "email": "carinadorsey@gmail.com",
    "type": "Mouse",
    "name": "Logitech"
  },
  {
    "_id": "60274aacb0bc995a0001d857",
    "id": 17,
    "serial": "PC-0544-01-01T",
    "skype": "braydon8",
    "username": "Braydon Wyatt",
    "from": "6 April 2019",
    "email": "braydon129@gmail.com",
    "type": "RAM",
    "name": "SAMSUNG"
  },
  {
    "_id": "60267b8bb0bc995a0001c24f",
    "id": 9,
    "serial": "RAM-00076",
    "skype": "araceli_munoz",
    "username": "Araceli Munoz",
    "from": "12 March 2015",
    "email": "araceli_munoz@gmail.com",
    "type": "Memory",
    "name": "DELL - X3"
  },

  {
    "_id": "60267b0fb0bc995a0001c23a",
    "id": 6,
    "serial": "PC-00006",
    "skype": "araceli_munoz",
    "username": "Araceli Munoz",
    "from": "12 March 2015",
    "email": "araceli_munoz@gmail.com",
    "type": "Computer",
    "name": "Philips E21s"
  },
  {
    "_id": "60274aacb0bc995a0001d854",
    "id": 15,
    "serial": "PC-080544-0",
    "skype": "church7",
    "username": "Araceli Church",
    "from": " 16 April 2019",
    "email": "araceli_church@gmail.com",
    "type": "PC",
    "name": "DELL"
  },
  {
    "_id": "60274aacb0bc995a0001d853",
    "id": 14,
    "serial": "PC-040544-01-01",
    "skype": "church7",
    "username": "Araceli Church",
    "from": " 16 April 2019",
    "email": "araceli_church@gmail.com",
    "type": "Laptop",
    "name": "Lenovo"
  },
  { "_id": "6025cc03b0bc995a00013e98",
    "id": 1,
    "serial": "f-55456",
    "skype": "church7",
    "username": "Araceli Church",
    "from": "4 January 2020",
    "email": "araceli_church@gmail.com",
    "type": "Hard Disk",
    "name": "SEAGATE"
   }
]